link,Title,uploaded,location,Company
https://aqurate-data.com/jobs/%d7%9e%d7%a4%d7%aa%d7%97-%d7%aa-dwh-%d7%9e%d7%a0%d7%95%d7%a1%d7%94/,מפתח/ת dwh מנוסה,7 hours,shoham,Aqurate Data
https://www.linkedin.com/jobs/view/4288883522/,Validation engineer jb-46,14 hours,karmiel,Protalix Biotherapeutics
,,,,
https://www.linkedin.com/jobs/view/4288502024/,Mf cobol programmer,3 days,Tel Aviv,Matrix
https://www.linkedin.com/jobs/view/4287644756/,Retail buyer,4 days,Rishon Lezion,GoMobile IL
https://www.linkedin.com/jobs/view/4288695846/,QA,1 week,Tel Aviv,Siteaware
https://www.linkedin.com/jobs/view/4285533211/,Operator,2 weeks,nofhagalil,Ultra Clean Technology
"https://jobs.jobvite.com/careers/varonis/job/ouErwfwP/apply?jvs=LinkedInLimited&jvk=Apply&jvi=ouErwfwP,Apply&j=ouErwfwP&__jvst=Job%20Board&__jvsd=LinkedInLimited",Tl test automation,2 weeks,Herzliya,Varonis
https://www.comeet.com/jobs/wiliot/F6.003/operator--testing-and-verification/08.A56,Operator – testing and verification,2 weeks,Caesarea,Wiliot
https://careers.marriott.com/pl/attendant-laundry/job/4B6C2EE61B52E74A550D1160D4FABF71,Attendant-laundry,2 weeks,Herzliya,Marriott International
https://info.jethro.io/qa-engineer-raanana-israel,QA engineer,2 weeks,Raanana,Jethro
https://job-boards.greenhouse.io/pingidentity/jobs/8109907002?gh_src=5btoihly2,Staff mobile developer - android,2 weeks,Tel Aviv,Ping Identity
https://jobs.iai.co.il/job/76042266/,Student administrator,3 weeks,ashdod,IAI - Israel Aerospace Industries
https://www.linkedin.com/jobs/view/4283191338/,Noc engineer - student position,3 weeks,Tel Aviv,SuperCom (NASDAQ: SPCB)
https://job-boards.greenhouse.io/pontera/jobs/5617193004,Manual QA engineer,3 weeks,Herzliya,Pontera
https://www.linkedin.com/jobs/view/4283117477/,Java/kotlin staff software software (cortex cloud),3 weeks,Tel Aviv,Palo Alto Networks
https://webbingsolutions.com/careers/NTYuQTU3/?coref=1.10.sB6_42C,FP&A manager - maternity leave replacement,3 weeks,Petah Tikva,Webbing
https://www.linkedin.com/jobs/view/4280767838/,"איש/אשת תפ""י",3 weeks,Center,ZUK systems
https://www.linkedin.com/jobs/view/4280599932/,System analyst -temporary,3 weeks,Tel Aviv,Nuvei
https://kla.wd1.myworkdayjobs.com/Search/job/Migdal-Haemek-Israel/Master-Scheduler--Temporary-Position_2530442-1?bid=370&source=Job_Board_LinkedIn,Master scheduler -temporary position,1 month,Migdal Haemek,KLA
https://job-boards.greenhouse.io/nexxen/jobs/8097479002,Ad operations manager (part time job 80%),1 month,Tel Aviv,Nexxen
https://www.linkedin.com/jobs/view/4277328391/,19475 - silicon validation engineer - college graduate,1 month,Tel Aviv,Qualitest
https://aqurate-data.com/jobs/%d7%9e%d7%a4%d7%aa%d7%97-%d7%aa-talend/,מפתח/ת talend,1 month,shoham,Aqurate Data
https://jobs.eu.lever.co/mobileye/05e582dc-c5f3-4480-88cd-f84641e0c939/apply?lever-source=Job%20postings%20feed,Npi coordinator- temporary position,1 month,Ramat Gan,Mobileye
https://minisite.niloos.ai/vacancy/6878b0762d12656971169cc1,NOC Student Operator,1 week,"Center District, Israel (On-site)",Experis Israel
https://campaign.adamtotal.co.il/?d=zq2JrXNIkQn29I6MoMv1Pw%3D%3D,Network Specialist,5 days,"Tel Aviv District, Israel (On-site)",Bynet Data Communications
https://www.linkedin.com/jobs/view/4282960498/?eBP=CwEAAAGY6ECGuqEb9q5c_dA6VRznD0wcdcvSwaSLf2K0X8FKZpd2Fa26WEc3mei4S0k8H5gDAjc3stKx5ySxXs3Kgdh-2MgswKNo9vYaMAhXS0EsL3W4YGVbD9lZ_wdGB7JBs23dni1LnvblZIDxXrf16471-h6kfJR4DJbYEKM1Pcn3lx_A_2g1Q-FGXpOYygxrtLOSzz2ZZQHVucWjPW7WOPJvfdWhbHD4XwlO7JqSB7kziF8LpyMuA6FVxTmCkR-aBXd8y-wIrcZNKMdttWZ5ckIK1rtPLHAOOP7sF__8DAU5NyJWxJrjQz29ryFQ9N5opU-kYvXDw_sUMuhFVdzbZcFrCqvJ1p0LSdPo4WIw1JGhPqL-FKOg4r3SdHLcGwujnqr6Nf8iSOstSGcLuJjkplDCbjRFRzESn-C3_8AHiqAOzG4_lbuXgq9Nayh10uZZweiRY0KBE4Sn1Zi0OcgvVn5b9Yo3-3uk2nEVD2QVbQ&refId=GFqhEHg5ZVFgvzeovTQwxw%3D%3D&trackingId=s7Ho5MwzwxSlVwirN2sNfw%3D%3D,נציג/ת תמיכה טכנית – רשתות ואינטרנט,2 weeks,"Center District, Israel (On-site)",JobsSeek
https://www.linkedin.com/jobs/view/4249720175/?eBP=CwEAAAGY6ECGumk6eUcbkwkHbJ7MvZmKBpCn9nkw_15-RAiOR_w9XHp1KkwWO1ZDENX7qNl05Ma9D5yvisOmmOkD36402tPM0XpYzg7WehPB4Xej5j1qhZ3NquU7xvjNL-R0TvOznwxptJk78rz4DdsbTxp_RrBSLUqHUgE6kS-92sMwcE3hS8Pm7RNwVS4aKdFRUNWaWZOka0ZhSzj95qR0fpXZds6GlJX0DPzrGdlEvzMAdBUuCuwY-teqFkNMZ_1S7uzBkDlxzCULEx2Zi2PXQZEfZeiP7tpHKui6cleIY5gcguQEy3CTcq-u5bjbpJfLkCGqyGaZJuOPckVOnKfws2uM_vrY4lA3OgY0RZpBAur7bAou576VP93C0yJ4HjrRE3XuByOe0vaSuDz2rjdomgMbzYPkcuY6WBa8TSbO1AEX3Hz_D14qXclU9lFYQp6uZ5jeKONILcUXCy10N-K-dpPSGdW64PAa-NxohI6qO7F_BT9Y84-cD-VGU25T2ZGfL6wI1Q&refId=GFqhEHg5ZVFgvzeovTQwxw%3D%3D&trackingId=IKU9a6%2BfHQGcYfZWc8Cn0A%3D%3D&trk=flagship3_jobs_discovery_jymbii,תמיכה טכנית HELP DESK,2 months,"Tel Aviv District, Israel (On-site)",Haaretz
https://www.linkedin.com/jobs/view/4169911323/?eBP=CwEAAAGY6ECGuto3pMLIpCmKGIyM93v_nzFt9UwlbO8QMQlrGtIO63dfVNavw8aKVY2m8hghT9yFaDfb-cEHw0IbuafXLH2-4SiMm3p84pYSlZhiIW5NuCbNPOniRMeiwbawtSE1bQdb5Ibcs7wPzuxTqL8G1Jj-C7hr0p-QIYgqW0XjlttlHCqfleu_BxiSDBMG-TzK0BIFtghTpm0IcGhlpEWgYKKgAB0S9T1vJPFqnLowLvt-gaQnTVbcW-Bvamuuf1vcOr7MlouxykHP7zbrBNYII0aJcHCifMETWjSWWY7M-7bfx3ynvi9rJtaiu2N6bmknNEqZ_koWBFdn-_Apasx_i2gXfdERl47b1oPekKuDK0Iym_6SYR_wgRQ-x6b88AIv44tM_CS6NUGxov5dwN8Hkg9R1-AQ-jYS0uw3r-8ES5AXay6bZqzP3c8nA69lzaJQiOGws7YzRk2U_5mvU8ODQkULbparwg44RbLSDTy9&refId=GFqhEHg5ZVFgvzeovTQwxw%3D%3D&trackingId=Vkr0Tpq%2FbdTrxZSLsTgHoA%3D%3D&trk=flagship3_jobs_discovery_jymbii,Technical Support Engineer,2 days,"Kiryat Shmona, North District, Israel (Hybrid)",BMC Software
https://www.linkedin.com/jobs/view/4288538813/?eBP=BUDGET_EXHAUSTED_JOB&refId=GFqhEHg5ZVFgvzeovTQwxw%3D%3D&trackingId=JOOxlVz9Yni0YjH3TIBXcQ%3D%3D&trk=flagship3_jobs_discovery_jymbii,"1.	IT Support – Tier 1",1 day,"Tel Aviv District, Israel (On-site)",Precise Financial Management Services Ltd.
https://www.linkedin.com/jobs/view/4273715075/?eBP=CwEAAAGY6ECGulofjzMNRPktpMvVO6FeT3eKI4vahci6qbKVPmEcMZnQNLKRjMKKXPx-51oMw4su5k3f-sWhiIitG5-nPb_aD2PYuioTGCmywluO0CwFGU6vXqlGfYOaJ8LSJ14IUwzOn2rnsrH74H8Ztkb4EMSjJ_Iq0_4uKXTfxbsun9DbRKELhwuU7o0xVj0VhbLbXwAaVaUUDdlw8Ye_ecLIuqkc9Lwf1bvCdsfNVjL2wTZlsQqrQjbcNcepJoYrqgH2GQP-FJREWVVoeK32JG_5DjzK1XJv_rtjyKEl_KMS1vmRR3fhVVKulXNmaAe5IhmR32eG5XegIyXGXmHzaTvunTXS4UXk_SDodhvtvXhxF39-PCNt4nt8Fjb-2E6t_4ShxYmFhO9FnVU5e1ebo2tiMTTfy7RC6FbnjNz4GAoglHZcLLrK0mrEuNI0sOXmQ7tIp0kPpmjR7Z9U_YTP-2cG6RZhFphb_H8TIYI-ZoBF&refId=GFqhEHg5ZVFgvzeovTQwxw%3D%3D&trackingId=WRSnMy5exKCrtzBaryXhWw%3D%3D&trk=flagship3_jobs_discovery_jymbii,Network and Security team member,4 weeks,"Petah Tikva, Center District, Israel (On-site)",Tata Consultancy Services
